	ReferenceID	Latitude	Longitude	DateTime	day_of_week_sin	day_of_week_cos	time_sin	time_cos
0	SAPD24174377	-0.4150668204328082	-0.30673375780189893	2024-08-11 20:25:00.000	-0.7818314824680299	0.6234898018587334	-0.8064446042674829	0.591309648363582
1	SAPD24173173	0.29572705379553543	-0.4932301905529263	2024-08-11 08:52:00.000	-0.7818314824680299	0.6234898018587334	0.7313537016191706	-0.6819983600624984
2	SAPD24174320	0.271903195169936	-0.3060888536709898	2024-08-10 20:00:00.000	-0.9749279121818236	-0.2225209339563146	-0.8660254037844386	0.5000000000000001
3	24-39826	0.7203971915066809	0.5524753827893985	2024-08-10 18:35:37.000	-0.9749279121818236	-0.2225209339563146	-0.9883615104677607	0.15212338618991678
4	24-39804	0.7223178549623499	0.6046556379122883	2024-08-10 16:38:04.000	-0.9749279121818236	-0.2225209339563146	-0.9366721892483976	-0.3502073812594676
5	24-39920	0.7701139678447833	0.6018817731564228	2024-08-10 16:30:00.000	-0.9749279121818236	-0.2225209339563146	-0.9238795325112865	-0.38268343236509034
6	SAPD24173976	0.2117817651448226	-0.1682010985467246	2024-08-10 15:00:00.000	-0.9749279121818236	-0.2225209339563146	-0.7071067811865475	-0.7071067811865477
7	SAPD24173249	-0.8515619700156039	-0.620475732528832	2024-08-10 10:20:00.000	-0.9749279121818236	-0.2225209339563146	0.4226182617406995	-0.9063077870366499
8	SAPD24173158	0.2673283698527904	-0.49780926888008237	2024-08-10 08:32:00.000	-0.9749279121818236	-0.2225209339563146	0.788010753606722	-0.6156614753256583
9	24-39745	0.8369344006512422	0.3451218698524896	2024-08-10 03:12:00.000	-0.9749279121818236	-0.2225209339563146	0.7431448254773941	0.6691306063588582
10	SAPD24173006	0.48438029984396214	-0.2824501387999374	2024-08-10 00:00:00.000	-0.9749279121818236	-0.2225209339563146	0.0	1.0
11	SAPD24172507	-0.018392578522498426	-0.551750707974964	2024-08-09 10:50:00.000	-0.433883739117558	-0.9009688679024191	0.30070579950427334	-0.9537169507482268
12	SAPD24172243	-0.02181415779119722	-0.6534383625456638	2024-08-09 03:00:00.000	-0.433883739117558	-0.9009688679024191	0.7071067811865476	0.7071067811865476
13	SAPD24172494	-0.29296689505461837	-0.7251703497340429	2024-08-08 15:00:00.000	0.43388373911755823	-0.900968867902419	-0.7071067811865475	-0.7071067811865477
14	SAPD24171628	-0.47884302286141334	-0.399032747816064	2024-08-08 05:54:00.000	0.43388373911755823	-0.900968867902419	0.9996573249755573	0.02617694830787336
15	SAPD24171222	-0.7165261854691112	-0.4554527943538702	2024-08-07 20:30:00.000	0.9749279121818236	-0.22252093395631434	-0.7933533402912352	0.6087614290087205
16	SAPD24171177	-0.23567346177329562	-0.6507577369412416	2024-08-07 17:54:00.000	0.9749279121818236	-0.22252093395631434	-0.9996573249755573	-0.026176948307873482
17	SAPD24171002	-0.40571365578998586	-0.5267496655020695	2024-08-07 15:11:00.000	0.9749279121818236	-0.22252093395631434	-0.7402181274868318	-0.6723668074346684
18	SAPD24170669	-0.5419323655111572	-0.5121214786288957	2024-08-07 06:30:00.000	0.9749279121818236	-0.22252093395631434	0.9914448613738105	-0.13052619222005138
19	SAPD24170369	-0.6077606675259513	-0.5926516157478905	2024-08-06 17:42:00.000	0.7818314824680298	0.6234898018587336	-0.996917333733128	-0.07845909572784468
20	SAPD24172434	-0.07039464758158243	-0.365148086190342	2024-08-06 17:00:00.000	0.7818314824680298	0.6234898018587336	-0.9659258262890683	-0.25881904510252063
21	SAPD24169104	0.0341309951834976	-0.10389198380500497	2024-08-05 07:25:00.000	0.0	1.0	0.9320078692827986	-0.3624380382837016
22	SAPD24169233	0.2661496845532789	-0.13033564314907065	2024-08-05 00:00:00.000	0.0	1.0	0.0	1.0
23	SAPD24168624	-0.13086374737127893	-0.611667222692488	2024-08-04 14:53:00.000	-0.7818314824680299	0.6234898018587334	-0.6851829903263591	-0.7283709698824002
24	SAPD24167572	-0.8134115731632944	-0.41972665948686416	2024-08-03 02:15:00.000	-0.9749279121818236	-0.2225209339563146	0.5555702330196022	0.8314696123025452
25	SAPD24167214	-0.39820907672479144	-0.517006174174721	2024-08-02 16:55:00.000	-0.433883739117558	-0.9009688679024191	-0.9600498543859286	-0.27982901403099236
26	SAPD24167387	0.01071840445017247	-0.10191324181294181	2024-08-02 14:00:00.000	-0.433883739117558	-0.9009688679024191	-0.5000000000000001	-0.8660254037844386
27	SAPD24166257	-0.1288964452886634	-0.5093424339201476	2024-08-01 14:24:00.000	0.43388373911755823	-0.900968867902419	-0.587785252292473	-0.8090169943749475
28	SAPD24166297	-0.5912802727087796	-0.39064381416125227	2024-08-01 13:37:00.000	0.43388373911755823	-0.900968867902419	-0.410718852613477	-0.9117620435770887
29	SAPD24166353	-0.5879307713180917	-0.2672495671358782	2024-08-01 12:00:00.000	0.43388373911755823	-0.900968867902419	1.2246467991473532e-16	-1.0
30	SAPD24165901	-0.36718167017163406	-0.4955715292451086	2024-07-31 22:34:00.000	0.9749279121818236	-0.22252093395631434	-0.36650122672429725	0.9304175679820246
31	SAPD24164872	-0.14083593379011883	-0.142231404889255	2024-07-30 15:06:00.000	0.7818314824680298	0.6234898018587336	-0.7253743710122873	-0.6883545756937542
32	SAPD24164701	-0.4005070890713054	-0.442293124116133	2024-07-30 14:20:00.000	0.7818314824680298	0.6234898018587336	-0.5735764363510458	-0.819152044288992
33	SAPD24165106	-0.24336883522150377	-0.6330163983999254	2024-07-30 09:45:00.000	0.7818314824680298	0.6234898018587336	0.5555702330196022	-0.8314696123025453
34	SAPD24164214	-0.6944321959161519	-0.45255202075295364	2024-07-29 20:08:00.000	0.0	1.0	-0.8480480961564261	0.5299192642332047
35	SAPD24167795	0.6204930126857082	-0.8003366456677706	2024-07-29 00:00:00.000	0.0	1.0	0.0	1.0
36	SAPD24163239	-0.6351757004273811	-0.3165186887521235	2024-07-28 14:11:00.000	-0.7818314824680299	0.6234898018587334	-0.5409744713679938	-0.8410390129643925
37	SAPD24162272	-0.5721584356556633	-0.35544603448586953	2024-07-27 03:03:00.000	-0.9749279121818236	-0.2225209339563146	0.7163019434246541	0.6977904598416802
38	SAPD24164171	-0.11922529000747495	-0.5748999173008462	2024-07-26 20:00:00.000	-0.433883739117558	-0.9009688679024191	-0.8660254037844386	0.5000000000000001
39	24-P21772	0.5288226714605404	0.9508526072758865	2024-07-25 08:00:00.000	0.43388373911755823	-0.900968867902419	0.8660254037844387	-0.4999999999999998
40	24-36652	0.5570729597720658	0.5651377775526603	2024-07-24 19:34:41.000	0.9749279121818236	-0.22252093395631434	-0.917060074385124	0.39874906892524625
41	24-36768	0.6136498541482955	0.7348278532534127	2024-07-24 15:15:00.000	0.9749279121818236	-0.22252093395631434	-0.7518398074789773	-0.6593458151000691
42	SAPD24158558	-0.12312597517129165	-0.5242632881298763	2024-07-22 11:15:00.000	0.0	1.0	0.1950903220161286	-0.9807852804032304
43	SAPD24158288	-0.5529475612238063	-0.2037718348279547	2024-07-22 02:00:00.000	0.0	1.0	0.49999999999999994	0.8660254037844387
44	SAPD24158163	-0.7807645342921196	-0.4545204028392885	2024-07-21 21:17:00.000	-0.7818314824680299	0.6234898018587334	-0.6527597524627228	0.7575649843840493
45	SAPD24157843	-0.20506580286276233	-0.561217071824405	2024-07-21 13:30:00.000	-0.7818314824680299	0.6234898018587334	-0.38268343236508967	-0.9238795325112868
46	SAPD24157251	-0.7997125364629368	-0.43999581502324947	2024-07-20 15:52:00.000	-0.9749279121818236	-0.2225209339563146	-0.848048096156426	-0.529919264233205
47	SAPD24157396	-0.06781680347331409	-0.40525646117585223	2024-07-19 22:00:00.000	-0.433883739117558	-0.9009688679024191	-0.5000000000000004	0.8660254037844384
48	SAPD24156276	-0.1524065531510791	-0.5348692416082055	2024-07-19 11:11:00.000	-0.433883739117558	-0.9009688679024191	0.2121776721564464	-0.9772311064626789
49	SAPD24156048	-0.2827148768740241	-0.6026774145060658	2024-07-19 00:24:00.000	-0.433883739117558	-0.9009688679024191	0.10452846326765346	0.9945218953682733
50	SAPD24155764	-0.9052769486466434	-0.5140717308802337	2024-07-18 14:34:00.000	0.43388373911755823	-0.900968867902419	-0.6225146366376191	-0.7826081568524144
51	SAPD24155970	-0.8317956719354205	-0.6970898252865768	2024-07-18 10:00:00.000	0.43388373911755823	-0.900968867902419	0.49999999999999994	-0.8660254037844387
52	SAPD24155230	0.22960620039345492	-0.33270086148294564	2024-07-17 22:21:00.000	0.9749279121818236	-0.22252093395631434	-0.4186597375374281	0.9081431738250813
53	SAPD24154556	-0.683171087443193	-0.7131968887009523	2024-07-17 05:00:00.000	0.9749279121818236	-0.22252093395631434	0.9659258262890683	0.25881904510252074
54	SAPD24155944	0.27992503900684507	-0.07039322866728137	2024-07-17 01:50:00.000	0.9749279121818236	-0.22252093395631434	0.4617486132350339	0.8870108331782217
55	SAPD24154717	0.5716369310087512	-0.737268129635688	2024-07-17 00:00:00.000	0.9749279121818236	-0.22252093395631434	0.0	1.0
56	SAPD24161069	0.5452013092734542	-0.7372292799892716	2024-07-16 23:00:00.000	0.7818314824680298	0.6234898018587336	-0.2588190451025207	0.9659258262890683
57	SAPD24154031	-0.45322569703548243	-0.3218203705030951	2024-07-16 12:00:00.000	0.7818314824680298	0.6234898018587336	1.2246467991473532e-16	-1.0
58	SAPD24153966	-0.0782002577844132	-0.6134620763580503	2024-07-16 09:00:00.000	0.7818314824680298	0.6234898018587336	0.7071067811865476	-0.7071067811865475
59	24-35118	0.6074214775117031	0.4574698674065458	2024-07-15 19:21:22.000	0.0	1.0	-0.9381913359224842	0.346117057077493
60	SAPD24153560	-0.2754774099450519	-0.5207512800916214	2024-07-15 19:01:00.000	0.0	1.0	-0.9647873238288132	0.26303121445797406
61	SAPD24153257	-0.6087570381927988	-0.4706404161358151	2024-07-15 14:39:00.000	0.0	1.0	-0.6394390019805849	-0.7688418320734594
62	SAPD24153430	-0.08364425751306903	-0.3615506089299122	2024-07-15 14:37:00.000	0.0	1.0	-0.6327053285625156	-0.774392644082186
63	24-35042	0.7803575062750128	0.4312178663182493	2024-07-15 10:08:47.000	0.0	1.0	0.4694715627858907	-0.882947592858927
64	SAPD24152976	-0.11154687605998159	-0.6723633203152037	2024-07-15 06:47:00.000	0.0	1.0	0.9790454724845838	-0.20364175114017732
65	SAPD24153153	0.20192405535580282	-0.47727334577148095	2024-07-15 00:00:00.000	0.0	1.0	0.0	1.0
66	SAPD24152773	-0.7114510548809505	-0.26218875319282064	2024-07-14 22:36:00.000	-0.7818314824680299	0.6234898018587334	-0.35836794954530077	0.9335804264972015
67	SAPD24152291	-0.12796976545011507	-1.0	2024-07-14 08:00:00.000	-0.7818314824680299	0.6234898018587334	0.8660254037844387	-0.4999999999999998
68	SAPD24174182	0.02138593039820824	-0.2145409568213651	2024-07-14 00:00:00.000	-0.7818314824680299	0.6234898018587334	0.0	1.0
69	SAPD24152383	-0.5044645885625116	-0.3493647698296326	2024-07-13 21:00:00.000	-0.9749279121818236	-0.2225209339563146	-0.7071067811865477	0.7071067811865474
70	SAPD24151668	0.35673037785767625	-0.39130684812719496	2024-07-13 10:59:00.000	-0.9749279121818236	-0.2225209339563146	0.2630312144579752	-0.9647873238288129
71	24-P19560	0.22621854012617026	0.9659573498120793	2024-07-12 19:24:34.000	-0.433883739117558	-0.9009688679024191	-0.9335804264972017	0.3583679495453004
72	SAPD24150891	-0.0238789770029183	-0.23182904948754157	2024-07-12 11:00:00.000	-0.433883739117558	-0.9009688679024191	0.258819045102521	-0.9659258262890682
73	SAPD24155666	-0.4035004409470303	-0.5628694767863425	2024-07-12 09:00:00.000	-0.433883739117558	-0.9009688679024191	0.7071067811865476	-0.7071067811865475
74	SAPD24150629	-0.5213604911471401	-0.7834422294188612	2024-07-12 00:01:00.000	-0.433883739117558	-0.9009688679024191	0.004363309284746571	0.9999904807207345
75	SAPD24153068	-0.5901143070348004	-0.3325040232743306	2024-07-12 00:00:00.000	-0.433883739117558	-0.9009688679024191	0.0	1.0
76	SAPD24150364	-0.21371090835085638	-0.7208761688140997	2024-07-11 17:02:00.000	0.43388373911755823	-0.900968867902419	-0.9681476403781079	-0.25038000405444094
77	SAPD24150607	-0.28039566515162817	-0.79599066521926	2024-07-11 15:18:00.000	0.43388373911755823	-0.900968867902419	-0.7604059656000306	-0.6494480483301841
78	SAPD24150058	-0.8274667593786149	-0.5620406843289325	2024-07-11 09:52:00.000	0.43388373911755823	-0.900968867902419	0.5299192642332049	-0.848048096156426
79	SAPD24149922	-0.4961459534631336	-0.31509161173952605	2024-07-11 01:55:00.000	0.43388373911755823	-0.900968867902419	0.48098876891938763	0.8767267557075077
80	SAPD24149851	0.06757937046332385	-0.6294577707859488	2024-07-10 22:45:00.000	0.9749279121818236	-0.22252093395631434	-0.32143946530316186	0.9469301294951056
81	SAPD24149518	-0.3055762838342053	-0.5896524230426481	2024-07-10 15:06:00.000	0.9749279121818236	-0.22252093395631434	-0.7253743710122873	-0.6883545756937542
82	SAPD24149145	0.070962790855426	-0.49201549160755464	2024-07-10 01:33:00.000	0.9749279121818236	-0.22252093395631434	0.39474385638426723	0.9187912101488983
83	SAPD24148901	-0.4187894308391584	-0.4367738843450899	2024-07-09 18:47:00.000	0.7818314824680298	0.6234898018587336	-0.979045472484584	0.203641751140177
84	SAPD24157350	0.2150719082830166	-0.5308236984255184	2024-07-08 23:00:00.000	0.0	1.0	-0.2588190451025207	0.9659258262890683
85	SAPD24148289	-0.06121531782104406	-0.36086167519970413	2024-07-08 04:40:00.000	0.0	1.0	0.9396926207859083	0.3420201433256688
86	SAPD24147519	-0.6536403568278981	-0.3753111536992597	2024-07-07 23:49:00.000	-0.7818314824680299	0.6234898018587334	-0.04797812852134387	0.9988483864849507
87	24-P18952	0.191277728783664	1.0	2024-07-07 21:27:34.000	-0.7818314824680299	0.6234898018587334	-0.6190939493098336	0.7853169308807452
88	SAPD24147559	-0.6085577640594353	-0.5335405836999341	2024-07-07 19:30:00.000	-0.7818314824680299	0.6234898018587334	-0.9238795325112866	0.38268343236509
89	SAPD24147301	-0.19880774709993798	-0.43743173835818683	2024-07-07 18:48:00.000	-0.7818314824680299	0.6234898018587334	-0.9781476007338056	0.20791169081775943
90	SAPD24147310	0.008543348483813551	-0.42131431503808314	2024-07-07 16:39:00.000	-0.7818314824680299	0.6234898018587334	-0.938191335922484	-0.34611705707749335
91	SAPD24146950	-0.5214919272776599	-0.47397112582399215	2024-07-07 05:15:00.000	-0.7818314824680299	0.6234898018587334	0.9807852804032304	0.19509032201612833
92	SAPD24146601	-0.09009310765892209	-0.6707886146461359	2024-07-06 16:54:00.000	-0.9749279121818236	-0.2225209339563146	-0.958819734868193	-0.28401534470392265
93	SAPD24146548	-0.590080388033386	-0.33761663674595566	2024-07-06 15:00:00.000	-0.9749279121818236	-0.2225209339563146	-0.7071067811865475	-0.7071067811865477
94	SAPD24149627	-0.6372659588901817	-0.2635873404646931	2024-07-06 12:00:00.000	-0.9749279121818236	-0.2225209339563146	1.2246467991473532e-16	-1.0
95	SAPD24146144	-0.39410487755241386	-0.5945785582113494	2024-07-06 00:40:00.000	-0.9749279121818236	-0.2225209339563146	0.17364817766693033	0.984807753012208
96	SAPD24146104	-0.4977231870293719	-0.7740924145087429	2024-07-05 23:20:00.000	-0.433883739117558	-0.9009688679024191	-0.1736481776669304	0.984807753012208
97	SAPD24147840	-0.8647183026931673	-0.4035885163553409	2024-07-05 18:00:00.000	-0.433883739117558	-0.9009688679024191	-1.0	-1.8369701987210297e-16
98	SAPD24145821	-0.6212561902177629	-0.38397203487913323	2024-07-05 16:03:00.000	-0.433883739117558	-0.9009688679024191	-0.872496007072797	-0.4886212414969553
99	SAPD24146366	-0.0993148361712245	-0.6690973600377452	2024-07-05 16:00:00.000	-0.433883739117558	-0.9009688679024191	-0.8660254037844385	-0.5000000000000004
100	SAPD24157819	0.3670799131673461	-0.7006303230655568	2024-07-05 13:07:00.000	-0.433883739117558	-0.9009688679024191	-0.2881962681340888	-0.9575713608048146
101	SAPD24146976	0.008543348483813551	-0.42131431503808314	2024-07-05 08:00:00.000	-0.433883739117558	-0.9009688679024191	0.8660254037844387	-0.4999999999999998
102	SAPD24145345	0.08268180584763574	-0.7450820885231548	2024-07-05 01:08:00.000	-0.433883739117558	-0.9009688679024191	0.2923717047227367	0.9563047559630355
103	SAPD24145140	-0.048063225018663	-0.24928031066876233	2024-07-04 19:03:00.000	0.43388373911755823	-0.900968867902419	-0.9624552364536474	0.2714404498650739
104	SAPD24145094	0.3121692897361106	-0.5947650365142731	2024-07-04 11:30:00.000	0.43388373911755823	-0.900968867902419	0.13052619222005157	-0.9914448613738104
105	SAPD24144751	0.06379316192931239	-0.5004458648852057	2024-07-04 02:48:00.000	0.43388373911755823	-0.900968867902419	0.6691306063588582	0.7431448254773942
106	SAPD24144888	-0.6064378264703878	-0.3808847829753298	2024-07-03 22:00:00.000	0.9749279121818236	-0.22252093395631434	-0.5000000000000004	0.8660254037844384
107	SAPD24144581	0.16618614747981253	-0.1812804795151326	2024-07-03 16:30:00.000	0.9749279121818236	-0.22252093395631434	-0.9238795325112865	-0.38268343236509034
108	24-P18929	0.18480767926191377	0.9609457454212398	2024-07-03 16:00:00.000	0.9749279121818236	-0.22252093395631434	-0.8660254037844385	-0.5000000000000004
109	SAPD24144104	-0.7001899464079764	-0.7139738816297581	2024-07-03 09:36:00.000	0.9749279121818236	-0.22252093395631434	0.5877852522924732	-0.8090169943749473
110	SAPD24144567	0.1183815548470144	-0.4805600258603592	2024-07-03 07:30:00.000	0.9749279121818236	-0.22252093395631434	0.9238795325112867	-0.3826834323650897
111	24-P18375	0.11037667051082001	0.9991116380847171	2024-07-03 01:40:24.000	0.9749279121818236	-0.22252093395631434	0.42261826174069944	0.9063077870366499
112	SAPD24144494	-0.6887762024286005	-0.5361771797050574	2024-07-03 00:00:00.000	0.9749279121818236	-0.22252093395631434	0.0	1.0
113	SAPD24143255	-0.7233354250050945	-0.7158749243289516	2024-07-02 08:36:00.000	0.7818314824680298	0.6234898018587336	0.777145961456971	-0.6293203910498373
114	SAPD24143241	0.08915185536937087	-0.4646109510081824	2024-07-02 07:50:00.000	0.7818314824680298	0.6234898018587336	0.8870108331782218	-0.4617486132350338
115	24-P18286	0.17450054270402315	0.9158542557855416	2024-07-02 04:52:51.000	0.7818314824680298	0.6234898018587336	0.9563047559630354	0.29237170472273677
116	SAPD24143157	-0.5810706532799794	-0.2933642994733955	2024-07-02 03:29:00.000	0.7818314824680298	0.6234898018587336	0.7906895737438434	0.6122172800344492
117	SAPD24155620	-0.5857133165999687	-0.33428333708131897	2024-07-01 12:00:00.000	0.0	1.0	1.2246467991473532e-16	-1.0
118	SAPD24142515	-0.6123015738416677	-0.7955115195798181	2024-07-01 10:07:00.000	0.0	1.0	0.4733196671848435	-0.8808907382053855
119	SAPD24142422	-0.47651957126381994	-0.632319694740412	2024-07-01 08:38:00.000	0.0	1.0	0.7716245833877199	-0.6360782202777641
120	SAPD24141853	-0.2512041245505815	-0.6425785913772328	2024-06-30 12:49:00.000	-0.7818314824680299	0.6234898018587334	-0.21217767215644617	-0.9772311064626789
121	SAPD24142061	-0.09400227257310367	-0.14949628877367893	2024-06-30 09:30:00.000	-0.7818314824680299	0.6234898018587334	0.6087614290087209	-0.793353340291235
122	SAPD24139524	0.282418085611555	-0.30616137301101365	2024-06-29 17:30:24.000	-0.9749279121818236	-0.2225209339563146	-0.9914448613738104	-0.13052619222005163
123	SAPD24141210	-0.23037785767587438	-0.5519475461836159	2024-06-29 15:18:00.000	-0.9749279121818236	-0.2225209339563146	-0.7604059656000306	-0.6494480483301841
124	SAPD24140977	-0.2600951427990006	-0.09593039626106759	2024-06-29 04:22:00.000	-0.9749279121818236	-0.2225209339563146	0.9099612708765432	0.41469324265623914
125	SAPD24142662	-0.36131368292518684	-0.4082193942111012	2024-06-28 14:00:00.000	-0.433883739117558	-0.9009688679024191	-0.5000000000000001	-0.8660254037844386
126	SAPD24140262	-0.3695983990231356	-0.5412483535538064	2024-06-28 10:18:00.000	-0.433883739117558	-0.9009688679024191	0.4305110968082955	-0.9025852843498604
127	SAPD24142869	0.3963944101485628	-0.7100267575513968	2024-06-28 00:00:00.000	-0.433883739117558	-0.9009688679024191	0.0	1.0
128	SAPD24140165	-0.19514873482124884	-0.17460870023305042	2024-06-27 21:00:00.000	0.43388373911755823	-0.900968867902419	-0.7071067811865477	0.7071067811865474
129	SAPD24139750	0.3545850010175644	-0.6966883789400413	2024-06-27 16:41:00.000	0.43388373911755823	-0.900968867902419	-0.9411760152563706	-0.337916718003327
130	SAPD24139624	-0.2180059019062477	-0.5043774491050298	2024-06-27 13:45:00.000	0.43388373911755823	-0.900968867902419	-0.4422886902190011	-0.8968727415326884
131	24-31287	0.819610270673625	0.5725710099050112	2024-06-27 08:47:48.000	0.43388373911755823	-0.900968867902419	0.7460573750616996	-0.6658816660008342
132	SAPD24139403	0.08802828844718591	-0.4861647348535403	2024-06-27 03:12:00.000	0.43388373911755823	-0.900968867902419	0.7431448254773941	0.6691306063588582
133	24-P17682	0.21100586798723553	0.9297261695413661	2024-06-26 17:15:00.000	0.9749279121818236	-0.22252093395631434	-0.9807852804032303	-0.19509032201612866
134	SAPD24138951	-0.6802243741944296	-0.36137967048559916	2024-06-26 16:43:00.000	0.9749279121818236	-0.22252093395631434	-0.9440890203927841	-0.32969064526278785
135	SAPD24138867	-0.7204141510073956	-0.43630250863495335	2024-06-26 13:06:00.000	0.9749279121818236	-0.22252093395631434	-0.28401534470392237	-0.9588197348681932
136	SAPD24138918	-0.48108591683061586	-0.5920766409805824	2024-06-26 00:00:00.000	0.9749279121818236	-0.22252093395631434	0.0	1.0
137	SAPD24139424	0.39628841326910735	-0.30529632088361014	2024-06-25 22:00:00.000	0.7818314824680298	0.6234898018587336	-0.5000000000000004	0.8660254037844384
138	SAPD24138394	-0.3951775659724698	-0.4633833021806597	2024-06-25 20:58:00.000	0.7818314824680298	0.6234898018587336	-0.7132504491541819	0.7009092642998505
139	SAPD24138042	0.10972796960857045	-0.19905289777363344	2024-06-25 13:34:00.000	0.7818314824680298	0.6234898018587336	-0.3987490689252459	-0.9170600743851242
140	SAPD24139336	0.07658486534156306	-0.4744968910391557	2024-06-25 06:30:00.000	0.7818314824680298	0.6234898018587336	0.9914448613738105	-0.13052619222005138
141	SAPD24137821	-0.009857709789027225	-0.9126147138582258	2024-06-25 04:00:00.000	0.7818314824680298	0.6234898018587336	0.8660254037844386	0.5000000000000001
142	SAPD24137722	0.4340402618546899	-0.42252124405418623	2024-06-25 02:33:00.000	0.7818314824680298	0.6234898018587336	0.619093949309834	0.785316930880745
143	SAPD24137506	0.5752238654093991	-0.7720618729881124	2024-06-24 20:35:00.000	0.0	1.0	-0.7798844830928822	0.6259234721840586
144	SAPD24137945	-0.48751780747575424	-0.5268506745828183	2024-06-24 19:00:00.000	0.0	1.0	-0.9659258262890684	0.2588190451025203
145	SAPD24137385	-0.8317320738077593	-0.36971421463534704	2024-06-24 16:23:00.000	0.0	1.0	-0.9117620435770883	-0.41071885261347774
146	SAPD24137317	-0.47262312597517064	-0.7842373521826638	2024-06-24 15:59:00.000	0.0	1.0	-0.8638355052043956	-0.5037739770455264
147	SAPD24137933	-0.243555389729335	-0.5328438800404576	2024-06-24 14:28:00.000	0.0	1.0	-0.601815023152048	-0.798635510047293
148	SAPD24137074	-0.4901338104606192	-0.1596230966126031	2024-06-24 13:15:00.000	0.0	1.0	-0.32143946530316153	-0.9469301294951057
149	SAPD24137157	-0.6349764262940176	-0.20068199294769162	2024-06-24 12:56:00.000	0.0	1.0	-0.2419218955996675	-0.9702957262759965
150	SAPD24138083	-0.4328106980530496	-0.3093366841134516	2024-06-24 10:00:00.000	0.0	1.0	0.49999999999999994	-0.8660254037844387
151	SAPD24137076	-0.4845286954752117	-0.4982107152266547	2024-06-24 09:37:00.000	0.0	1.0	0.5842496656374344	-0.8115739819650123
152	SAPD24137439	-0.11723254867376498	-0.673104053574016	2024-06-24 07:20:00.000	0.0	1.0	0.9396926207859084	-0.3420201433256687
153	SAPD24136903	-0.9743784076216003	-0.3682509343520912	2024-06-24 04:40:00.000	0.0	1.0	0.9396926207859083	0.3420201433256688
154	SAPD24137034	-0.0019164235804940422	-0.44317112612568743	2024-06-24 00:00:00.000	0.0	1.0	0.0	1.0
155	SAPD24136735	-0.06289006851638801	-0.22358515451277738	2024-06-23 21:08:00.000	-0.7818314824680299	0.6234898018587334	-0.6819983600624989	0.7313537016191701
156	SAPD24136705	0.05253629333152077	-0.8188886468314632	2024-06-23 20:11:00.000	-0.7818314824680299	0.6234898018587334	-0.8410390129643927	0.5409744713679937
157	SAPD24136567	-0.8643960721796338	-0.21399188181832218	2024-06-23 16:09:00.000	-0.7818314824680299	0.6234898018587334	-0.8849876374630418	-0.46561452032511164
158	SAPD24136290	0.2058247405196345	-0.25825457899661053	2024-06-23 10:02:00.000	-0.7818314824680299	0.6234898018587334	0.49242356010346716	-0.8703556959398997
159	SAPD24136312	-0.02304372159283763	-0.8277515461728344	2024-06-23 06:45:00.000	-0.7818314824680299	0.6234898018587334	0.9807852804032304	-0.1950903220161282
160	24-30439	0.9950478257920095	0.6817566462387803	2024-06-23 02:07:25.000	-0.7818314824680299	0.6234898018587334	0.5262139236518696	0.8503522249955628
161	SAPD24136207	-0.50641917101961	-0.5304481518432482	2024-06-23 00:51:00.000	-0.7818314824680299	0.6234898018587334	0.22069743502150108	0.9753423205085127
162	SAPD24138623	-0.05218014381657288	-0.7816810454468697	2024-06-23 00:01:00.000	-0.7818314824680299	0.6234898018587334	0.004363309284746571	0.9999904807207345
163	SAPD24136309	0.06615901227866972	-0.474043645164016	2024-06-22 22:00:00.000	-0.9749279121818236	-0.2225209339563146	-0.5000000000000004	0.8660254037844384
164	SAPD24136802	0.1013669357574134	-0.4779855892895315	2024-06-22 20:00:00.000	-0.9749279121818236	-0.2225209339563146	-0.8660254037844386	0.5000000000000001
165	SAPD24135930	-0.8268689369784943	-0.37429847291538565	2024-06-22 17:26:00.000	-0.9749279121818236	-0.2225209339563146	-0.9890158633619167	-0.14780941112961132
166	SAPD24135778	-0.8238543857268873	-0.722950739934029	2024-06-22 14:19:00.000	-0.9749279121818236	-0.2225209339563146	-0.5699967625963029	-0.8216469379421637
167	SAPD24135448	-0.4532511362865469	-0.32883143669745396	2024-06-22 00:30:00.000	-0.9749279121818236	-0.2225209339563146	0.13052619222005157	0.9914448613738104
168	SAPD24147764	-0.044238857608039805	-0.2703782586625577	2024-06-22 00:00:00.000	-0.9749279121818236	-0.2225209339563146	0.0	1.0
169	SAPD24135326	-0.47420035954142403	-0.46392201727797433	2024-06-21 21:55:00.000	-0.433883739117558	-0.9009688679024191	-0.5187732581605214	0.8549118706729466
170	SAPD24135272	-0.5611559595685616	-0.3001060081190787	2024-06-21 20:13:00.000	-0.433883739117558	-0.9009688679024191	-0.8362861558477594	0.5482932295199139
171	SAPD24135069	-0.48123855233701773	-0.370136380793339	2024-06-21 16:09:00.000	-0.433883739117558	-0.9009688679024191	-0.8849876374630418	-0.46561452032511164
172	SAPD24135415	-0.28876093887796783	-0.8174512099131744	2024-06-21 16:00:00.000	-0.433883739117558	-0.9009688679024191	-0.8660254037844385	-0.5000000000000004
173	SAPD24135570	-0.4831761752934014	-0.17901684011585672	2024-06-21 15:53:00.000	-0.433883739117558	-0.9009688679024191	-0.8503522249955627	-0.5262139236518698
174	SAPD24135071	-0.4832270537955454	-0.8150554817159651	2024-06-21 15:52:00.000	-0.433883739117558	-0.9009688679024191	-0.848048096156426	-0.529919264233205
175	SAPD24134992	0.22132572417067342	-0.6221022377264673	2024-06-21 14:32:00.000	-0.433883739117558	-0.9009688679024191	-0.6156614753256578	-0.7880107536067222
176	SAPD24134944	-0.4923343056780426	-0.8452623768119281	2024-06-21 13:46:00.000	-0.433883739117558	-0.9009688679024191	-0.4461978131098084	-0.8949343616020252
177	SAPD24134971	-0.6237831558239022	-0.18634388343461306	2024-06-21 12:29:00.000	-0.433883739117558	-0.9009688679024191	-0.12619896913582976	-0.992004949679715
178	SAPD24134941	-0.3036047418764074	-0.7103349647464889	2024-06-21 12:20:00.000	-0.433883739117558	-0.9009688679024191	-0.08715574274765794	-0.9961946980917455
179	SAPD24134838	-0.6571636931008848	-0.22247664460100025	2024-06-21 11:00:00.000	-0.433883739117558	-0.9009688679024191	0.258819045102521	-0.9659258262890682
180	SAPD24135815	0.44854911471406367	-0.3729749949599599	2024-06-21 08:00:00.000	-0.433883739117558	-0.9009688679024191	0.8660254037844387	-0.4999999999999998
181	SAPD24136836	-0.13280561020284498	-0.5760809465526471	2024-06-21 00:00:00.000	-0.433883739117558	-0.9009688679024191	0.0	1.0
182	SAPD24134546	-0.5119564480021739	-0.5329189893569042	2024-06-20 21:50:00.000	0.43388373911755823	-0.900968867902419	-0.5372996083468242	0.8433914458128855
183	SAPD24134417	-0.6512745064785406	-0.37021667006266823	2024-06-20 18:37:00.000	0.43388373911755823	-0.900968867902419	-0.9869963665602319	0.16074256560382563
184	SAPD24134800	-0.10654382334984691	-0.6012684673284652	2024-06-20 17:00:00.000	0.43388373911755823	-0.900968867902419	-0.9659258262890683	-0.25881904510252063
185	SAPD24134162	0.10237602604979301	-0.6478595533167479	2024-06-20 13:45:00.000	0.43388373911755823	-0.900968867902419	-0.4422886902190011	-0.8968727415326884
186	SAPD24134065	-0.5135845600705562	-0.3401781234345954	2024-06-20 11:37:00.000	0.43388373911755823	-0.900968867902419	0.10018806161207638	-0.9949685182509117
187	SAPD24134031	-0.5697205074282646	-0.4357275338676452	2024-06-20 09:30:00.000	0.43388373911755823	-0.900968867902419	0.6087614290087209	-0.793353340291235
188	SAPD24133959	-0.19903246048436596	-0.1882889557330687	2024-06-20 07:25:00.000	0.43388373911755823	-0.900968867902419	0.9320078692827986	-0.3624380382837016
189	SAPD24133928	-0.13954277186080222	-0.14440439511351033	2024-06-20 06:24:00.000	0.43388373911755823	-0.900968867902419	0.9945218953682734	-0.10452846326765333
190	SAPD24135598	-0.1270478597110205	-0.4708761039908833	2024-06-20 06:00:00.000	0.43388373911755823	-0.900968867902419	1.0	6.123233995736766e-17
191	SAPD24133896	-0.5912675530832473	-0.48553019062835934	2024-06-20 03:14:00.000	0.43388373911755823	-0.900968867902419	0.7489557207890021	0.6626200482157375
192	SAPD24133836	-0.469561936096602	-0.1630599953344114	2024-06-19 23:34:00.000	0.9749279121818236	-0.22252093395631434	-0.11320321376790701	0.9935718556765875
193	SAPD24133830	-0.15829573977342337	-0.6933783890632839	2024-06-19 23:10:00.000	0.9749279121818236	-0.22252093395631434	-0.21643961393810288	0.9762960071199334
194	SAPD24133828	0.010934638084250548	-0.641296553044683	2024-06-19 22:35:00.000	0.9749279121818236	-0.22252093395631434	-0.36243803828370186	0.9320078692827984
195	SAPD24133648	-0.2852927209822924	-0.6159665835652401	2024-06-19 17:30:00.000	0.9749279121818236	-0.22252093395631434	-0.9914448613738104	-0.13052619222005163
196	SAPD24133675	-0.5299589580082875	-0.5428826286807471	2024-06-19 17:25:00.000	0.9749279121818236	-0.22252093395631434	-0.9883615104677607	-0.15212338618991714
197	SAPD24133588	-0.32434197137237386	-0.5877021707913468	2024-06-19 16:25:00.000	0.9749279121818236	-0.22252093395631434	-0.9153114791194471	-0.40274668985873735
198	24-P18414	0.14667848178548648	0.9320416084692462	2024-06-19 00:00:00.000	0.9749279121818236	-0.22252093395631434	0.0	1.0
199	SAPD24133293	-0.2863187707753868	-0.46740553557550435	2024-06-19 00:00:00.000	0.9749279121818236	-0.22252093395631434	0.0	1.0
200	SAPD24133327	0.47719795129230125	-0.37475430876694826	2024-06-18 22:00:00.000	0.7818314824680298	0.6234898018587336	-0.5000000000000004	0.8660254037844384
201	SAPD24133084	-0.4624771046740468	-0.46810741918786347	2024-06-18 21:43:00.000	0.7818314824680298	0.6234898018587336	-0.5628049276950688	0.8265897491271884
202	SAPD24132970	-0.4604928430907016	-0.4897699820432755	2024-06-18 17:00:00.000	0.7818314824680298	0.6234898018587336	-0.9659258262890683	-0.25881904510252063
203	SAPD24132937	-0.019562784071644912	-0.6459170709947152	2024-06-18 16:53:00.000	0.7818314824680298	0.6234898018587336	-0.9575713608048145	-0.2881962681340891
204	SAPD24133476	-0.7165473848449933	-0.4620546442723882	2024-06-18 16:00:00.000	0.7818314824680298	0.6234898018587336	-0.8660254037844385	-0.5000000000000004
205	SAPD24132439	-0.19628078149379868	-0.17563433089907543	2024-06-18 05:34:00.000	0.7818314824680298	0.6234898018587336	0.9935718556765875	0.11320321376790683
206	SAPD24132424	-0.19628078149379868	-0.17563433089907543	2024-06-18 03:20:00.000	0.7818314824680298	0.6234898018587336	0.766044443118978	0.6427876096865394
207	SAPD24132809	-0.3189234108947825	-0.444243376367471	2024-06-18 02:50:00.000	0.7818314824680298	0.6234898018587336	0.6755902076156601	0.7372773368101241
208	SAPD24132558	-0.48300234041110235	-0.17937684683955302	2024-06-18 00:01:00.000	0.7818314824680298	0.6234898018587336	0.004363309284746571	0.9999904807207345
209	SAPD24132368	-0.02297164371481153	-0.2396999878564583	2024-06-17 23:58:00.000	0.0	1.0	-0.008726535498374524	0.9999619230641713
210	SAPD24132299	-0.2794162539854954	-0.4395347992188412	2024-06-17 21:28:00.000	0.0	1.0	-0.6156614753256582	0.788010753606722
211	SAPD24132270	-0.2665227935689566	-0.7329765386922044	2024-06-17 20:42:00.000	0.0	1.0	-0.7604059656000308	0.6494480483301839
212	SAPD24132625	-0.29448053049318046	-0.4731138436258572	2024-06-17 19:55:00.000	0.0	1.0	-0.8767267557075079	0.48098876891938736
213	SAPD24132007	-0.29447629061801317	-0.4743363125005341	2024-06-17 14:57:00.000	0.0	1.0	-0.69779045984168	-0.7163019434246544
214	SAPD24132572	-0.3865663794857901	-0.37132517997444536	2024-06-17 14:00:00.000	0.0	1.0	-0.5000000000000001	-0.8660254037844386
215	SAPD24134113	0.06736737670442805	-0.47577633939528263	2024-06-17 12:52:00.000	0.0	1.0	-0.22495105434386498	-0.9743700647852352
216	SAPD24131782	-0.47590902923818224	-0.3564250455761728	2024-06-17 09:59:00.000	0.0	1.0	0.5037739770455264	-0.8638355052043957
217	SAPD24131614	-0.19903246048436596	-0.1882889557330687	2024-06-17 02:54:00.000	0.0	1.0	0.6883545756937539	0.7253743710122877
218	SAPD24131968	0.286687639915882	-0.7708756637834657	2024-06-17 00:01:00.000	0.0	1.0	0.004363309284746571	0.9999904807207345
219	SAPD24132488	-0.1530170951767168	-0.9386128972564204	2024-06-16 21:00:00.000	-0.7818314824680299	0.6234898018587334	-0.7071067811865477	0.7071067811865474
220	SAPD24131456	0.011740214368084478	-0.15339938325277802	2024-06-16 19:40:00.000	-0.7818314824680299	0.6234898018587334	-0.9063077870366503	0.42261826174069883
221	SAPD24131606	0.3956354724916906	-0.46780957189846273	2024-06-16 10:30:00.000	-0.7818314824680299	0.6234898018587334	0.3826834323650899	-0.9238795325112867
222	SAPD24130954	-0.4766043687673933	-0.4561002884612022	2024-06-16 04:23:00.000	-0.7818314824680299	0.6234898018587334	0.9117620435770885	0.4107188526134774
223	SAPD24130670	-0.36870378536056103	-0.6397011275641955	2024-06-15 19:28:00.000	-0.9749279121818236	-0.2225209339563146	-0.9271838545667874	0.37460659341591196
224	SAPD24130610	-0.29108015060037884	-0.8150995113152639	2024-06-15 18:20:00.000	-0.9749279121818236	-0.2225209339563146	-0.9961946980917455	0.08715574274765789
225	SAPD24131015	-0.33799436944576977	-0.37301643458283595	2024-06-15 15:30:00.000	-0.9749279121818236	-0.2225209339563146	-0.7933533402912349	-0.6087614290087209
226	SAPD24130503	-0.2272191506682153	-0.6138505728224347	2024-06-15 14:55:00.000	-0.9749279121818236	-0.2225209339563146	-0.6915130557822693	-0.7223639620597556
227	SAPD24130265	-0.18311172919070295	-0.6685715948225817	2024-06-15 08:22:00.000	-0.9749279121818236	-0.2225209339563146	0.8141155183563192	-0.5807029557109398
228	SAPD24130607	-0.5553388508242433	-0.8108053303953575	2024-06-15 08:00:00.000	-0.9749279121818236	-0.2225209339563146	0.8660254037844387	-0.4999999999999998
229	SAPD24130189	-0.5337366867919493	-0.4836861274106157	2024-06-15 03:09:00.000	-0.9749279121818236	-0.2225209339563146	0.7343225094356856	0.6788007455329418
230	SAPD24131861	0.15148650023742505	-0.33234862468855475	2024-06-15 00:01:00.000	-0.9749279121818236	-0.2225209339563146	0.004363309284746571	0.9999904807207345
231	SAPD24130088	-0.30459687266807256	-0.6300638252704415	2024-06-14 22:53:00.000	-0.433883739117558	-0.9009688679024191	-0.28819626813408916	0.9575713608048145
232	24-P16193	0.17502628722610258	0.9821680122836265	2024-06-14 22:00:00.000	-0.433883739117558	-0.9009688679024191	-0.5000000000000004	0.8660254037844384
233	SAPD24132930	-0.778101892680278	-0.43403368928279495	2024-06-14 15:51:00.000	-0.433883739117558	-0.9009688679024191	-0.8457278217039729	-0.533614515915612
234	SAPD24130453	0.17736669832439578	-0.5531674250818699	2024-06-14 12:00:00.000	-0.433883739117558	-0.9009688679024191	1.2246467991473532e-16	-1.0
235	SAPD24129469	-0.5630766230242306	-0.3350862297744268	2024-06-14 09:15:00.000	-0.433883739117558	-0.9009688679024191	0.659345815100069	-0.7518398074789773
236	SAPD24129460	-0.1333313547249244	-0.8856582391811108	2024-06-14 08:45:00.000	-0.433883739117558	-0.9009688679024191	0.7518398074789774	-0.6593458151000688
237	SAPD24129210	-0.6374313140221158	-0.1801952793912348	2024-06-13 22:09:00.000	0.43388373911755823	-0.900968867902419	-0.4656145203251117	0.8849876374630418
238	SAPD24129135	-0.003039990502679002	-0.3169667546744175	2024-06-13 20:14:00.000	0.43388373911755823	-0.900968867902419	-0.8338858220671682	0.551936985312058
239	SAPD24129165	-0.021237534766988864	-0.6457720323146675	2024-06-13 18:30:00.000	0.43388373911755823	-0.900968867902419	-0.9914448613738105	0.13052619222005127
240	SAPD24129002	-0.3079930126857069	-0.3287718672395812	2024-06-13 17:30:00.000	0.43388373911755823	-0.900968867902419	-0.9914448613738104	-0.13052619222005163
241	SAPD24129027	-0.5795188589647905	-0.8357830630803728	2024-06-13 16:30:00.000	0.43388373911755823	-0.900968867902419	-0.9238795325112865	-0.38268343236509034
242	SAPD24129023	-0.13674445424327342	-0.9453520159256807	2024-06-13 12:00:00.000	0.43388373911755823	-0.900968867902419	1.2246467991473532e-16	-1.0
243	SAPD24128608	-0.20155942609050526	-0.6521459643073859	2024-06-13 06:37:00.000	0.43388373911755823	-0.900968867902419	0.9869963665602319	-0.1607425656038262
244	SAPD24129501	-0.039227325147555336	-0.5235536345882119	2024-06-13 00:00:00.000	0.43388373911755823	-0.900968867902419	0.0	1.0
245	SAPD24128480	-0.37271046740384817	-0.43086873808608517	2024-06-12 23:26:00.000	0.9749279121818236	-0.22252093395631434	-0.14780941112961138	0.9890158633619167
246	SAPD24128375	-0.12294366053864292	-0.4407909377870889	2024-06-12 19:39:00.000	0.9749279121818236	-0.22252093395631434	-0.9081431738250815	0.4186597375374277
247	SAPD24128336	-0.5081066413404861	-0.8252858886120609	2024-06-12 18:19:00.000	0.9749279121818236	-0.22252093395631434	-0.9965655024977614	0.08280820751220344
248	SAPD24130955	-0.5086493453632802	-0.8256329454536062	2024-06-12 18:19:00.000	0.9749279121818236	-0.22252093395631434	-0.9965655024977614	0.08280820751220344
249	SAPD24128646	-0.09522335662437909	-0.5914395067789417	2024-06-12 18:00:00.000	0.9749279121818236	-0.22252093395631434	-1.0	-1.8369701987210297e-16
250	SAPD24128292	-0.2799674377586393	-0.6194734116506494	2024-06-12 17:14:00.000	0.9749279121818236	-0.22252093395631434	-0.9799247046208296	-0.1993679344171973
251	SAPD24128166	-0.09810647174548126	-0.19945693409659182	2024-06-12 15:46:00.000	0.9749279121818236	-0.22252093395631434	-0.8338858220671681	-0.5519369853120584
252	SAPD24128101	0.07708941048774554	-0.47342464079740887	2024-06-12 15:09:00.000	0.9749279121818236	-0.22252093395631434	-0.7343225094356853	-0.678800745532942
253	SAPD24128259	-0.2976816362526338	-0.725437117306259	2024-06-12 13:00:00.000	0.9749279121818236	-0.22252093395631434	-0.25881904510252035	-0.9659258262890684
254	SAPD24127954	0.1603944779865587	-0.2321968261405064	2024-06-12 10:00:00.000	0.9749279121818236	-0.22252093395631434	0.49999999999999994	-0.8660254037844387
255	SAPD24130129	-0.2852927209822924	-0.6159665835652401	2024-06-12 00:00:00.000	0.9749279121818236	-0.22252093395631434	0.0	1.0
256	SAPD24127639	0.07708941048774554	-0.47342464079740887	2024-06-11 21:28:00.000	0.7818314824680298	0.6234898018587336	-0.6156614753256582	0.788010753606722
257	SAPD24127593	-0.5555890034597508	-0.46263738896900175	2024-06-11 20:00:00.000	0.7818314824680298	0.6234898018587336	-0.8660254037844386	0.5000000000000001
258	SAPD24127518	-0.641836544332145	-0.5065115896828319	2024-06-11 18:52:00.000	0.7818314824680298	0.6234898018587336	-0.9743700647852352	0.22495105434386492
259	SAPD24127474	0.1183815548470144	-0.4805600258603592	2024-06-11 18:43:00.000	0.7818314824680298	0.6234898018587336	-0.9824503977255098	0.18652403600873432
260	SAPD24133215	-0.3570271691201454	-0.41293833126542245	2024-06-11 11:00:00.000	0.7818314824680298	0.6234898018587336	0.258819045102521	-0.9659258262890682
261	SAPD24127033	0.07708941048774554	-0.47342464079740887	2024-06-11 04:50:00.000	0.7818314824680298	0.6234898018587336	0.9537169507482269	0.30070579950427306
262	SAPD24126891	-0.6973958686656301	-0.3938009954286935	2024-06-10 22:30:00.000	0.0	1.0	-0.3826834323650904	0.9238795325112865
263	SAPD24126772	0.1355233701919829	-0.21543190871307072	2024-06-10 19:41:00.000	0.0	1.0	-0.904455145454368	0.42656873990145827
264	SAPD24126698	-0.7689692015467162	-0.71051626309653	2024-06-10 18:03:00.000	0.0	1.0	-0.999914327574007	0.01308959557134433
265	SAPD24126729	-0.5302303100196771	-0.7716552466886943	2024-06-10 18:00:00.000	0.0	1.0	-1.0	-1.8369701987210297e-16
266	SAPD24126431	-0.23265891052167365	-0.5369852523510478	2024-06-10 13:30:00.000	0.0	1.0	-0.38268343236508967	-0.9238795325112868
267	SAPD24126612	0.01508971575875706	-0.4238084623395817	2024-06-10 07:00:00.000	0.0	1.0	0.9659258262890683	-0.25881904510252085
268	SAPD24126145	-0.1454234787327967	-0.8566815828891301	2024-06-10 03:20:00.000	0.0	1.0	0.766044443118978	0.6427876096865394
269	SAPD24126129	-0.16976884200529319	-0.6781260178705837	2024-06-10 00:45:00.000	0.0	1.0	0.19509032201612825	0.9807852804032304
270	SAPD24131187	-0.08361457838682207	-0.5341077885379737	2024-06-10 00:00:00.000	0.0	1.0	0.0	1.0
271	SAPD24126076	-0.23052201343192646	-0.5521107146986602	2024-06-09 23:48:00.000	-0.7818314824680299	0.6234898018587334	-0.05233595624294348	0.9986295347545739
272	SAPD24126334	0.33090105827283467	-0.735861772434547	2024-06-09 20:30:00.000	-0.7818314824680299	0.6234898018587334	-0.7933533402912352	0.6087614290087205
273	SAPD24125845	0.4618496031476793	-0.26514132632234144	2024-06-09 18:08:00.000	-0.7818314824680299	0.6234898018587334	-0.9993908270190958	0.03489949670250039
274	SAPD24125448	-0.3540889356217468	-0.916813065650266	2024-06-09 01:40:00.000	-0.7818314824680299	0.6234898018587334	0.42261826174069944	0.9063077870366499
275	SAPD24125695	-0.5845176717997427	-0.3863833029349165	2024-06-09 00:00:00.000	-0.7818314824680299	0.6234898018587334	0.0	1.0
276	SAPD24125248	-0.9911005020012311	-0.7027592836905132	2024-06-08 21:10:00.000	-0.9749279121818236	-0.2225209339563146	-0.6755902076156605	0.7372773368101239
277	SAPD24125227	-0.2918645275083155	-0.3376995159916708	2024-06-08 20:41:00.000	-0.9749279121818236	-0.2225209339563146	-0.7632324697825286	0.6461239796429642
278	SAPD24125352	-0.3555177735567506	-0.5578138427961674	2024-06-08 19:30:00.000	-0.9749279121818236	-0.2225209339563146	-0.9238795325112866	0.38268343236509
279	SAPD24125137	-0.2898209076724765	-0.8151642607260192	2024-06-08 17:57:00.000	-0.9749279121818236	-0.2225209339563146	-0.999914327574007	-0.013089595571344698
280	SAPD24125041	-0.10610287633132576	-0.6852639929099935	2024-06-08 15:20:00.000	-0.9749279121818236	-0.2225209339563146	-0.7660444431189779	-0.6427876096865395
281	SAPD24128794	0.39628841326910735	-0.30530668078930157	2024-06-08 15:20:00.000	-0.9749279121818236	-0.2225209339563146	-0.7660444431189779	-0.6427876096865395
282	SAPD24124834	-0.5092726070144502	-0.5780881782854352	2024-06-08 10:02:00.000	-0.9749279121818236	-0.2225209339563146	0.49242356010346716	-0.8703556959398997
283	SAPD24124807	-0.6791771250254381	-0.7416840394477997	2024-06-08 09:47:00.000	-0.9749279121818236	-0.2225209339563146	0.5482932295199138	-0.8362861558477596
284	SAPD24136073	0.10405501662030425	-0.6525862603003745	2024-06-08 06:00:00.000	-0.9749279121818236	-0.2225209339563146	1.0	6.123233995736766e-17
285	SAPD24124770	-0.5254519706939855	-0.4418631880288725	2024-06-08 02:00:00.000	-0.9749279121818236	-0.2225209339563146	0.49999999999999994	0.8660254037844387
286	SAPD24124874	0.21285445356487842	-0.3179483557411438	2024-06-08 00:00:00.000	-0.9749279121818236	-0.2225209339563146	0.0	1.0
287	SAPD24127173	-1.0	-0.6880482175715873	2024-06-07 22:00:00.000	-0.433883739117558	-0.9009688679024191	-0.5000000000000004	0.8660254037844384
288	SAPD24124420	-0.6420103734100585	-0.4890863213885085	2024-06-07 21:10:00.000	-0.433883739117558	-0.9009688679024191	-0.6755902076156605	0.7372773368101239
289	SAPD24127761	-0.6364095041042039	-0.3810427715374918	2024-06-07 18:00:00.000	-0.433883739117558	-0.9009688679024191	-1.0	-1.8369701987210297e-16
290	24-P15460	0.21497439115392591	0.9333909861889373	2024-06-07 17:15:03.000	-0.433883739117558	-0.9009688679024191	-0.9807852804032303	-0.19509032201612866
291	SAPD24124195	0.20587561902176343	-0.5078091678739556	2024-06-07 14:06:00.000	-0.433883739117558	-0.9009688679024191	-0.5224985647159487	-0.8526401643540923
292	SAPD24124354	-0.5211400176378795	-0.7880808772038901	2024-06-07 12:20:00.000	-0.433883739117558	-0.9009688679024191	-0.08715574274765794	-0.9961946980917455
293	SAPD24124861	-0.09834390475545651	-0.6806719647006864	2024-06-07 12:00:00.000	-0.433883739117558	-0.9009688679024191	1.2246467991473532e-16	-1.0
294	SAPD24129786	-0.12791703412251554	-0.07604455723622106	2024-06-07 12:00:00.000	-0.433883739117558	-0.9009688679024191	1.2246467991473532e-16	-1.0
295	SAPD24125547	-0.5046977816973195	-0.5341880778073029	2024-06-07 10:00:00.000	-0.433883739117558	-0.9009688679024191	0.49999999999999994	-0.8660254037844387
296	24-27310	1.0	0.6714925696491139	2024-06-07 08:18:50.000	-0.433883739117558	-0.9009688679024191	0.8241261886220158	-0.5664062369248326
297	SAPD24124150	-0.7160937182009398	-0.6010638591905448	2024-06-07 07:00:00.000	-0.433883739117558	-0.9009688679024191	0.9659258262890683	-0.25881904510252085
298	SAPD24124146	-0.1800081405603402	-0.6616874374732735	2024-06-07 01:00:00.000	-0.433883739117558	-0.9009688679024191	0.25881904510252074	0.9659258262890683
299	SAPD24123743	-0.35462739976935853	-0.9205944312371599	2024-06-06 23:12:00.000	0.43388373911755823	-0.900968867902419	-0.20791169081775987	0.9781476007338056
300	SAPD24123598	-0.3697510345295526	-0.43480291228233214	2024-06-06 19:36:00.000	0.43388373911755823	-0.900968867902419	-0.9135454576426011	0.40673664307579976
301	SAPD24123738	-0.642807475747913	-0.25858609597954507	2024-06-06 18:00:00.000	0.43388373911755823	-0.900968867902419	-1.0	-1.8369701987210297e-16
302	SAPD24123761	-0.6741867919408508	-0.3420325465580305	2024-06-06 17:30:00.000	0.43388373911755823	-0.900968867902419	-0.9914448613738104	-0.13052619222005163
303	SAPD24123519	-0.06502272573095269	-0.18403103448315583	2024-06-06 14:00:00.000	0.43388373911755823	-0.900968867902419	-0.5000000000000001	-0.8660254037844386
304	SAPD24125818	-0.14025507089071299	-0.4331246075560925	2024-06-06 12:00:00.000	0.43388373911755823	-0.900968867902419	1.2246467991473532e-16	-1.0
305	SAPD24123175	-0.41502442168102904	-0.31827987272411506	2024-06-06 09:31:00.000	0.43388373911755823	-0.900968867902419	0.6052939880428945	-0.796002002534622
306	SAPD24123497	-0.3634124211383222	-0.613759923647414	2024-06-06 06:30:00.000	0.43388373911755823	-0.900968867902419	0.9914448613738105	-0.13052619222005138
307	SAPD24123347	0.006512446814995521	-0.6626379413482779	2024-06-06 00:00:00.000	0.43388373911755823	-0.900968867902419	0.0	1.0
308	SAPD24122948	-0.41397717251205257	-0.5509400453525874	2024-06-05 22:59:00.000	0.9749279121818236	-0.22252093395631434	-0.26303121445797445	0.964787323828813
309	SAPD24122892	-0.17503476697646747	-0.18605121609809494	2024-06-05 21:59:00.000	0.9749279121818236	-0.22252093395631434	-0.5037739770455265	0.8638355052043956
310	SAPD24123117	-0.4898497388236974	-0.39759790087416125	2024-06-05 21:00:00.000	0.9749279121818236	-0.22252093395631434	-0.7071067811865477	0.7071067811865474
311	SAPD24122795	-0.05987551726478102	-0.2688760723335136	2024-06-05 18:55:00.000	0.9749279121818236	-0.22252093395631434	-0.9713420698132614	0.23768589232617307
312	SAPD24122725	-0.2027677905162485	-0.44853496731095466	2024-06-05 05:30:00.000	0.9749279121818236	-0.22252093395631434	0.9914448613738104	0.1305261922200517
313	SAPD24122042	-0.002192015467066044	-0.5997300213294277	2024-06-04 20:35:00.000	0.7818314824680298	0.6234898018587336	-0.7798844830928822	0.6259234721840586
314	SAPD24122054	-0.3655026796011228	-0.38047297672302927	2024-06-04 18:30:00.000	0.7818314824680298	0.6234898018587336	-0.9914448613738105	0.13052619222005127
315	SAPD24121958	-0.18919171019606096	-0.18523537352283603	2024-06-04 17:47:00.000	0.7818314824680298	0.6234898018587336	-0.9983916705573488	-0.056692787563377714
316	SAPD24121688	-0.6590165185536951	-0.32416947912454586	2024-06-04 12:30:00.000	0.7818314824680298	0.6234898018587336	-0.13052619222005177	-0.9914448613738104
317	SAPD24121655	-0.5687792551387285	-0.3994911736440495	2024-06-04 12:00:00.000	0.7818314824680298	0.6234898018587336	1.2246467991473532e-16	-1.0
318	24-P15418	0.2179423037785715	0.9679386817805653	2024-06-04 10:00:00.000	0.7818314824680298	0.6234898018587336	0.49999999999999994	-0.8660254037844387
319	SAPD24121998	-0.1329964045858586	-0.9511639230332419	2024-06-04 09:00:00.000	0.7818314824680298	0.6234898018587336	0.7071067811865476	-0.7071067811865475
320	SAPD24121536	0.08205430432126826	-0.47332363171666014	2024-06-04 08:45:00.000	0.7818314824680298	0.6234898018587336	0.7518398074789774	-0.6593458151000688
321	SAPD24121323	0.5431746489383298	-0.4055439485595247	2024-06-03 22:39:00.000	0.0	1.0	-0.3461170570774934	0.9381913359224839
322	SAPD24121253	-0.09811071162064866	-0.6740416250414434	2024-06-03 22:10:00.000	0.0	1.0	-0.46174861323503363	0.8870108331782218
323	SAPD24120970	-0.18627043619836203	-0.5033026088868233	2024-06-03 16:05:00.000	0.0	1.0	-0.8767267557075077	-0.4809887689193877
324	SAPD24120931	-0.4640331388644031	-0.5925272968792994	2024-06-03 12:37:00.000	0.0	1.0	-0.16074256560382613	-0.9869963665602319
325	SAPD24121224	-0.3979674038396338	-0.4969856563755549	2024-06-03 12:33:00.000	0.0	1.0	-0.14349262199117954	-0.9896513868196701
326	SAPD24120652	-0.12720049521742238	-0.6480719313839738	2024-06-03 09:50:00.000	0.0	1.0	0.5372996083468241	-0.8433914458128855
327	SAPD24120489	-0.5021623363408304	-0.5293810815543472	2024-06-03 01:22:00.000	0.0	1.0	0.35020738125946743	0.9366721892483976
328	SAPD24120506	-0.011825011871657742	-0.6088648681958606	2024-06-03 01:15:00.000	0.0	1.0	0.3214394653031616	0.9469301294951057
329	SAPD24120896	-0.06124075707212362	-0.43033779291807583	2024-06-02 21:30:00.000	-0.7818314824680299	0.6234898018587334	-0.608761429008721	0.7933533402912349
330	SAPD24120191	-0.27905162472016765	-0.6180307947794781	2024-06-02 15:41:00.000	-0.7818314824680299	0.6234898018587334	-0.8216469379421638	-0.5699967625963028
331	SAPD24122412	-0.46060307984533944	-0.47933496700925926	2024-06-02 14:30:00.000	-0.7818314824680299	0.6234898018587334	-0.6087614290087203	-0.7933533402912354
332	SAPD24120104	-0.6965309341293024	-0.524408326809924	2024-06-02 14:06:00.000	-0.7818314824680299	0.6234898018587334	-0.5224985647159487	-0.8526401643540923
333	SAPD24131131	0.06828742961806711	-0.48026476854741806	2024-06-02 12:26:00.000	-0.7818314824680299	0.6234898018587334	-0.11320321376790708	-0.9935718556765875
334	SAPD24125703	-0.2442252900074665	-0.6324854532319162	2024-06-02 06:00:00.000	-0.7818314824680299	0.6234898018587334	1.0	6.123233995736766e-17
335	SAPD24119810	-0.2482574113018181	-0.4980967562637548	2024-06-02 02:26:00.000	-0.7818314824680299	0.6234898018587334	0.5948227867513413	0.8038568606172173
336	SAPD24119724	0.15960162132825717	-0.5832836710028122	2024-06-02 00:31:00.000	-0.7818314824680299	0.6234898018587334	0.134850930273723	0.9908658973868822
337	SAPD24119677	0.11853843022861366	-0.0990564978113242	2024-06-01 22:37:00.000	-0.9749279121818236	-0.2225209339563146	-0.3542910379977158	0.9351352096860117
338	SAPD24119691	-0.7886888609999381	-0.40312750055089575	2024-06-01 19:32:00.000	-0.9749279121818236	-0.2225209339563146	-0.9205048534524405	0.3907311284892735
339	SAPD24119439	-0.5347712163353935	-0.8595020672207174	2024-06-01 19:07:00.000	-0.9749279121818236	-0.2225209339563146	-0.9575713608048146	0.2881962681340887
340	SAPD24119585	-0.059714402008014256	-0.3615013993777676	2024-06-01 11:00:00.000	-0.9749279121818236	-0.2225209339563146	0.258819045102521	-0.9659258262890682
341	SAPD24119216	-0.28074333491622616	-0.686716969686893	2024-06-01 10:12:00.000	-0.9749279121818236	-0.2225209339563146	0.45399049973954686	-0.8910065241883678
342	SAPD24118918	-0.03165490807951732	-0.6411670542232093	2024-05-31 22:44:00.000	-0.433883739117558	-0.9009688679024191	-0.3255681544571567	0.9455185755993168
343	SAPD24118870	-0.09341292992334793	-0.5861896245565745	2024-05-31 20:58:00.000	-0.433883739117558	-0.9009688679024191	-0.7132504491541819	0.7009092642998505
344	SAPD24118703	0.09498592361440394	-0.6490509424742771	2024-05-31 17:53:00.000	-0.433883739117558	-0.9009688679024191	-0.9995335908367129	-0.030538513209822718
345	SAPD24120610	-0.2628977002917119	0.14498921120074293	2024-05-31 17:00:00.000	-0.433883739117558	-0.9009688679024191	-0.9659258262890683	-0.25881904510252063
346	SAPD24119909	-0.5150812360084187	-0.5086017006613721	2024-05-31 17:00:00.000	-0.433883739117558	-0.9009688679024191	-0.9659258262890683	-0.25881904510252063
347	SAPD24118556	-0.5066057255274412	-0.7473638577574643	2024-05-31 15:21:00.000	-0.433883739117558	-0.9009688679024191	-0.7688418320734591	-0.6394390019805851
348	SAPD24120613	-0.02713944101486543	-0.22970785879185363	2024-05-31 08:00:00.000	-0.433883739117558	-0.9009688679024191	0.8660254037844387	-0.4999999999999998
349	SAPD24118155	-0.6827259005494895	-0.33461485406429026	2024-05-31 02:03:00.000	-0.433883739117558	-0.9009688679024191	0.511293086077052	0.8594064115014527
350	SAPD24118088	-0.5765933450919243	-0.35786507247092136	2024-05-30 23:31:00.000	0.43388373911755823	-0.900968867902419	-0.12619896913583012	0.992004949679715
351	SAPD24118268	0.19036615562037484	-0.24777553436329547	2024-05-30 22:00:00.000	0.43388373911755823	-0.900968867902419	-0.5000000000000004	0.8660254037844384
352	SAPD24117988	-0.663960213011336	-0.341167494430627	2024-05-30 20:50:00.000	0.43388373911755823	-0.900968867902419	-0.7372773368101242	0.6755902076156601
353	SAPD24117984	-0.4843845397191596	-0.6386599570395597	2024-05-30 20:46:00.000	0.43388373911755823	-0.900968867902419	-0.7489557207890021	0.6626200482157375
354	SAPD24117971	-0.5079709653347838	-0.6048504047303213	2024-05-30 20:13:00.000	0.43388373911755823	-0.900968867902419	-0.8362861558477594	0.5482932295199139
355	SAPD24117973	-0.1342217285123165	-0.19137879761333176	2024-05-30 20:05:00.000	0.43388373911755823	-0.900968867902419	-0.8549118706729468	0.5187732581605211
356	SAPD24121097	-0.1094947764737928	-0.9539714574827151	2024-05-30 15:15:00.000	0.43388373911755823	-0.900968867902419	-0.7518398074789773	-0.6593458151000691
357	24-25841	0.7176624720168132	0.6443004071169673	2024-05-30 10:00:35.000	0.43388373911755823	-0.900968867902419	0.49999999999999994	-0.8660254037844387
358	SAPD24120664	-0.6933255884946817	-0.2785366844151469	2024-05-30 08:52:00.000	0.43388373911755823	-0.900968867902419	0.7313537016191706	-0.6819983600624984
359	SAPD24123557	-0.8037955362594174	-0.6258447536669449	2024-05-30 00:00:00.000	0.43388373911755823	-0.900968867902419	0.0	1.0
360	SAPD24120804	-0.6445203853198687	-0.23548609620584415	2024-05-29 19:00:00.000	0.9749279121818236	-0.22252093395631434	-0.9659258262890684	0.2588190451025203
361	SAPD24117091	-0.6038939013635489	-0.34629823773724877	2024-05-29 17:59:00.000	0.9749279121818236	-0.22252093395631434	-0.9999904807207345	-0.004363309284746483
362	SAPD24117491	-0.44098941727155794	-0.3033641984672687	2024-05-29 15:00:00.000	0.9749279121818236	-0.22252093395631434	-0.7071067811865475	-0.7071067811865477
363	SAPD24116878	-0.40202072450988247	-0.5098138096303209	2024-05-29 12:16:00.000	0.9749279121818236	-0.22252093395631434	-0.06975647374412483	-0.9975640502598243
364	SAPD24116618	-0.15606556542975314	-0.5432892549801651	2024-05-29 06:00:00.000	0.9749279121818236	-0.22252093395631434	1.0	6.123233995736766e-17
365	SAPD24116609	-0.4567320738077546	-0.7536264207637424	2024-05-29 04:58:00.000	0.9749279121818236	-0.22252093395631434	0.963630453208623	0.26723837607825696
366	SAPD24117178	-0.3218404450172989	-0.7953172713475891	2024-05-29 02:00:00.000	0.9749279121818236	-0.22252093395631434	0.49999999999999994	0.8660254037844387
367	SAPD24116550	0.008543348483813551	-0.42131431503808314	2024-05-28 23:58:00.000	0.7818314824680298	0.6234898018587336	-0.008726535498374524	0.9999619230641713
368	SAPD24116369	-0.2988136829251836	-0.7202286747067677	2024-05-28 19:16:00.000	0.7818314824680298	0.6234898018587336	-0.945518575599317	0.3255681544571563
369	SAPD24116675	-0.3205642425886971	-0.4867371196444624	2024-05-28 19:00:00.000	0.7818314824680298	0.6234898018587336	-0.9659258262890684	0.2588190451025203
370	SAPD24116197	-0.08636625737738934	-0.6080075859977625	2024-05-28 15:00:00.000	0.7818314824680298	0.6234898018587336	-0.7071067811865475	-0.7071067811865477
371	SAPD24116513	-0.5158316939149411	-0.7596662457970665	2024-05-28 14:00:00.000	0.7818314824680298	0.6234898018587336	-0.5000000000000001	-0.8660254037844386
372	SAPD24116204	-0.0993148361712245	-0.6690973600377452	2024-05-28 12:24:00.000	0.7818314824680298	0.6234898018587336	-0.1045284632676535	-0.9945218953682733
373	SAPD24127069	-0.12160809985754717	-0.32107186731501425	2024-05-28 00:00:00.000	0.7818314824680298	0.6234898018587336	0.0	1.0
374	SAPD24115637	-0.7951589105216732	-0.705683367079309	2024-05-27 21:38:00.000	0.0	1.0	-0.5807029557109397	0.8141155183563193
375	SAPD24120391	-0.08725239128959905	-0.4042878099912771	2024-05-27 12:00:00.000	0.0	1.0	1.2246467991473532e-16	-1.0
376	SAPD24115048	-0.008640865612919102	-0.6281912723119729	2024-05-27 02:08:00.000	0.0	1.0	0.5299192642332049	0.848048096156426
377	SAPD24115051	-0.10727308188047235	-0.4937378259330931	2024-05-27 01:31:00.000	0.0	1.0	0.3867109616368206	0.9222009716704518
378	SAPD24115029	0.28559375211992877	-0.09682911808204175	2024-05-27 01:27:00.000	0.0	1.0	0.3705574375098362	0.9288095528719242
379	SAPD24114978	-0.430576283834212	-0.4263155595232312	2024-05-26 23:53:00.000	-0.7818314824680299	0.6234898018587334	-0.03053851320982278	0.9995335908367129
380	SAPD24124039	-0.1974255477918807	-0.8525453905313856	2024-05-26 18:00:00.000	-0.7818314824680299	0.6234898018587334	-1.0	-1.8369701987210297e-16
381	24-P14327	0.17502628722610258	0.9821680122836265	2024-05-26 17:30:06.000	-0.7818314824680299	0.6234898018587334	-0.9914448613738104	-0.13052619222005163
382	SAPD24114630	-0.3141281120683913	-0.6746165998087883	2024-05-26 15:12:00.000	-0.7818314824680299	0.6234898018587334	-0.743144825477394	-0.6691306063588585
383	SAPD24114800	-0.5586968319652659	-0.2984069835814196	2024-05-26 13:00:00.000	-0.7818314824680299	0.6234898018587334	-0.25881904510252035	-0.9659258262890684
384	SAPD24114483	-0.5164803948171754	-0.3757877093622787	2024-05-26 09:39:00.000	-0.7818314824680299	0.6234898018587334	0.5771451900372336	-0.8166415551616789
385	SAPD24114678	-0.6525719082830246	-0.7301767741720366	2024-05-26 08:00:00.000	-0.7818314824680299	0.6234898018587334	0.8660254037844387	-0.4999999999999998
386	SAPD24131849	-0.5241291296384221	-0.3826174772065597	2024-05-25 11:32:00.000	-0.9749279121818236	-0.2225209339563146	0.12186934340514755	-0.992546151641322
387	SAPD24113748	-0.15224119801912994	-0.21571162616743778	2024-05-25 09:19:00.000	-0.9749279121818236	-0.2225209339563146	0.6461239796429638	-0.7632324697825289
388	SAPD24113668	0.1843200936164311	-0.740932946283296	2024-05-25 04:16:00.000	-0.9749279121818236	-0.2225209339563146	0.898794046299167	0.43837114678907746
389	SAPD24119342	-0.47670188589648377	-0.5233982360024729	2024-05-25 00:00:00.000	-0.9749279121818236	-0.2225209339563146	0.0	1.0
390	SAPD24113535	0.07184892476765059	-0.4765973619233872	2024-05-24 23:23:00.000	-0.433883739117558	-0.9009688679024191	-0.16074256560382608	0.9869963665602319
391	SAPD24113552	-0.33800284919611967	-0.6514207709071843	2024-05-24 22:27:00.000	-0.433883739117558	-0.9009688679024191	-0.3947438563842671	0.9187912101488983
392	SAPD24115182	-0.5272539176446669	-0.5544287436029632	2024-05-24 18:00:00.000	-0.433883739117558	-0.9009688679024191	-1.0	-1.8369701987210297e-16
393	SAPD24115172	-0.13916118309477488	-0.9245881748912796	2024-05-24 17:00:00.000	-0.433883739117558	-0.9009688679024191	-0.9659258262890683	-0.25881904510252063
394	SAPD24113218	-0.49988552337019854	-0.275262954208383	2024-05-24 15:55:00.000	-0.433883739117558	-0.9009688679024191	-0.8549118706729466	-0.5187732581605214
395	SAPD24114647	0.31292822739298276	-0.3531357755108351	2024-05-24 14:00:00.000	-0.433883739117558	-0.9009688679024191	-0.5000000000000001	-0.8660254037844386
396	SAPD24113045	-0.5976400854758919	-0.3116158633713014	2024-05-24 12:20:00.000	-0.433883739117558	-0.9009688679024191	-0.08715574274765794	-0.9961946980917455
397	SAPD24113090	-0.4955608506885604	-0.6891593174597872	2024-05-24 10:44:00.000	-0.433883739117558	-0.9009688679024191	0.3255681544571566	-0.9455185755993168
398	SAPD24113803	-0.41303592022251645	-0.5140173413752067	2024-05-24 08:00:00.000	-0.433883739117558	-0.9009688679024191	0.8660254037844387	-0.4999999999999998
399	24-24597	0.8743343395970293	0.5936378781816587	2024-05-24 01:00:10.000	-0.433883739117558	-0.9009688679024191	0.25881904510252074	0.9659258262890683
400	SAPD24113054	-0.05454599416593042	-0.44643708640314606	2024-05-24 00:00:00.000	-0.433883739117558	-0.9009688679024191	0.0	1.0
401	SAPD24112036	-0.3992012075164566	-0.41060994245542803	2024-05-23 02:32:00.000	0.43388373911755823	-0.900968867902419	0.6156614753256583	0.7880107536067219
402	SAPD24111946	-0.1882716572824219	-0.2656230619382062	2024-05-22 22:35:00.000	0.9749279121818236	-0.22252093395631434	-0.36243803828370186	0.9320078692827984
403	SAPD24135917	-0.42048114103521705	-0.22201044884370946	2024-05-22 13:47:00.000	0.9749279121818236	-0.22252093395631434	-0.45009844103743474	-0.8929789434111371
404	SAPD24111617	-0.5789888745675437	-0.3781627177480317	2024-05-22 04:30:00.000	0.9749279121818236	-0.22252093395631434	0.9238795325112867	0.38268343236508984
405	SAPD24111307	-0.6043645275083169	-0.5913799373210691	2024-05-22 03:25:00.000	0.9749279121818236	-0.22252093395631434	0.7798844830928817	0.6259234721840591
406	SAPD24111310	0.055016613085941524	-0.21683829998535786	2024-05-22 02:45:00.000	0.9749279121818236	-0.22252093395631434	0.6593458151000688	0.7518398074789774
407	SAPD24111229	-0.6372320398887523	-0.14766258546166344	2024-05-21 21:16:00.000	0.7818314824680298	0.6234898018587336	-0.6560590289905074	0.7547095802227719
408	SAPD24110886	-0.36061834339597576	-0.507493190749595	2024-05-21 14:49:00.000	0.7818314824680298	0.6234898018587336	-0.6723668074346681	-0.740218127486832
409	SAPD24110856	0.2536081337765357	-0.5231392383595254	2024-05-21 13:13:00.000	0.7818314824680298	0.6234898018587336	-0.3131638064837496	-0.949699126201877
410	SAPD24110883	0.009887388915259088	-0.423199817878666	2024-05-21 12:00:00.000	0.7818314824680298	0.6234898018587336	1.2246467991473532e-16	-1.0
411	SAPD24110762	-0.8199028220609266	-0.4208636591393663	2024-05-21 11:21:00.000	0.7818314824680298	0.6234898018587336	0.1693495038490248	-0.9855560590580777
412	SAPD24111109	-0.012189641136970408	-0.6112113868408886	2024-05-21 10:00:00.000	0.7818314824680298	0.6234898018587336	0.49999999999999994	-0.8660254037844387
413	SAPD24111042	-0.6155577979784324	-0.456159857919075	2024-05-21 07:20:00.000	0.7818314824680298	0.6234898018587336	0.9396926207859084	-0.3420201433256687
414	SAPD24115221	-0.3870412455057406	-0.4488794341760771	2024-05-21 00:00:00.000	0.7818314824680298	0.6234898018587336	0.0	1.0
415	SAPD24110543	-0.4257979445085204	-0.43343281475118467	2024-05-20 21:00:00.000	0.0	1.0	-0.7071067811865477	0.7071067811865474
416	SAPD24110168	-0.3106429346720012	-0.3591756005441592	2024-05-20 18:22:00.000	0.0	1.0	-0.9953961983671789	0.09584575252022316
417	SAPD24110086	-0.642807475747913	-0.25858609597954507	2024-05-20 14:44:00.000	0.0	1.0	-0.6560590289905074	-0.7547095802227719
418	SAPD24110256	-0.15346228207042045	-0.6515994792808026	2024-05-20 12:00:00.000	0.0	1.0	1.2246467991473532e-16	-1.0
419	SAPD24109810	-0.4751076928295308	-0.35859026587112286	2024-05-20 10:52:00.000	0.0	1.0	0.29237170472273705	-0.9563047559630354
420	SAPD24110729	-0.17552659249711766	-0.9113559853135185	2024-05-20 08:00:00.000	0.0	1.0	0.8660254037844387	-0.4999999999999998
421	SAPD24110754	-0.19628078149379868	-0.17563433089907543	2024-05-20 06:00:00.000	0.0	1.0	1.0	6.123233995736766e-17
422	SAPD24109504	-0.2918475680076008	-0.7912872680234758	2024-05-19 21:24:00.000	-0.7818314824680299	0.6234898018587334	-0.6293203910498372	0.7771459614569711
423	SAPD24109393	-0.370348856929658	-0.5175215794841563	2024-05-19 18:00:00.000	-0.7818314824680299	0.6234898018587334	-1.0	-1.8369701987210297e-16
424	SAPD24109314	0.12540702801709092	-0.5963060724897704	2024-05-19 16:25:00.000	-0.7818314824680299	0.6234898018587334	-0.9153114791194471	-0.40274668985873735
425	SAPD24109131	-0.32160725188250616	-0.4291179140198218	2024-05-19 11:10:00.000	-0.7818314824680299	0.6234898018587334	0.21643961393810274	-0.9762960071199334
426	SAPD24109163	0.33090105827283467	-0.735861772434547	2024-05-18 18:00:00.000	-0.9749279121818236	-0.2225209339563146	-1.0	-1.8369701987210297e-16
427	SAPD24108486	0.23506291974764282	-0.6617521868839921	2024-05-18 13:11:00.000	-0.9749279121818236	-0.2225209339563146	-0.30486429902801093	-0.9523957996432784
428	SAPD24108476	0.13965300861542507	-0.5862595539201755	2024-05-18 12:35:00.000	-0.9749279121818236	-0.2225209339563146	-0.15212338618991683	-0.9883615104677607
429	SAPD24108418	-0.02304372159283763	-0.30947913281703954	2024-05-18 02:29:00.000	-0.9749279121818236	-0.2225209339563146	0.6052939880428944	0.796002002534622
430	SAPD24108128	-0.3428956651516164	-0.6018408521193874	2024-05-17 23:15:00.000	-0.433883739117558	-0.9009688679024191	-0.19509032201612872	0.9807852804032303
431	SAPD24107998	-0.6640110915134649	-0.715602976803853	2024-05-17 19:22:00.000	-0.433883739117558	-0.9009688679024191	-0.9366721892483977	0.3502073812594672
432	SAPD24107484	-0.47486178006920576	-0.5266926860206563	2024-05-17 08:50:00.000	-0.433883739117558	-0.9009688679024191	0.7372773368101241	-0.6755902076156602
433	SAPD24107547	-0.5214071297741016	-0.7845377894484873	2024-05-17 08:00:00.000	-0.433883739117558	-0.9009688679024191	0.8660254037844387	-0.4999999999999998
434	SAPD24107724	-0.2685664134047956	-0.5132558883049748	2024-05-17 04:30:00.000	-0.433883739117558	-0.9009688679024191	0.9238795325112867	0.38268343236508984
435	SAPD24107451	-0.803486025371416	-0.6278131357532798	2024-05-16 16:30:00.000	0.43388373911755823	-0.900968867902419	-0.9238795325112865	-0.38268343236509034
436	SAPD24109184	-0.15057068719896838	-0.1436403520668188	2024-05-16 10:00:00.000	0.43388373911755823	-0.900968867902419	0.49999999999999994	-0.8660254037844387
437	SAPD24111207	-0.10651414422360006	-0.530028575661679	2024-05-15 07:30:00.000	0.9749279121818236	-0.22252093395631434	0.9238795325112867	-0.3826834323650897
438	SAPD24127927	-0.4831040974153753	-0.41528484991045045	2024-05-14 22:00:00.000	0.7818314824680298	0.6234898018587336	-0.5000000000000004	0.8660254037844384
439	SAPD24105238	-0.0325580014924417	-0.6867195596633159	2024-05-14 11:03:00.000	0.7818314824680298	0.6234898018587336	0.24615329302899322	-0.9692309097067543
440	SAPD24105258	-0.4328827759310756	-0.21054203321439968	2024-05-14 10:41:00.000	0.7818314824680298	0.6234898018587336	0.3379167180033274	-0.9411760152563705
441	SAPD24105219	-0.37654755444000365	-0.6455881439881667	2024-05-14 08:00:00.000	0.7818314824680298	0.6234898018587336	0.8660254037844387	-0.4999999999999998
442	SAPD24104864	-0.40202072450988247	-0.5098138096303209	2024-05-13 19:20:00.000	0.0	1.0	-0.9396926207859083	0.342020143325669
443	SAPD24104596	-0.8458126992741442	-0.6263731088585314	2024-05-13 14:31:00.000	0.0	1.0	-0.6122172800344491	-0.7906895737438435
444	SAPD24105388	0.13850824231734293	-0.3885148535362958	2024-05-13 12:00:00.000	0.0	1.0	1.2246467991473532e-16	-1.0
445	24-P12809	0.41610558985143475	0.8920679122580555	2024-05-13 10:17:02.000	0.0	1.0	0.4344452574044172	-0.9006982393225879
446	SAPD24104418	-0.4742809171697999	-0.12154785312414629	2024-05-13 09:48:00.000	0.0	1.0	0.5446390350150273	-0.8386705679454239
447	24-22737	0.8194025167898966	0.4271257035598037	2024-05-13 08:47:51.000	0.0	1.0	0.7460573750616996	-0.6658816660008342
448	SAPD24104325	-0.33294467810868866	-0.47583072890030964	2024-05-13 07:45:00.000	0.0	1.0	0.8968727415326884	-0.44228869021900113
449	SAPD24104647	-0.40936418831829513	-0.5958165669446003	2024-05-13 06:30:00.000	0.0	1.0	0.9914448613738105	-0.13052619222005138
450	SAPD24110326	-0.050051726477175595	-0.4092553847828545	2024-05-13 06:00:00.000	0.0	1.0	1.0	6.123233995736766e-17
451	SAPD24104560	0.1383301675598616	-0.5402952422278051	2024-05-13 05:30:00.000	0.0	1.0	0.9914448613738104	0.1305261922200517
452	SAPD24103994	-0.09692778644596989	-0.5374799378490636	2024-05-12 18:10:00.000	-0.7818314824680299	0.6234898018587334	-0.9990482215818578	0.043619387365335764
453	SAPD24103926	-0.331609117427593	-0.6257696443504982	2024-05-12 15:30:00.000	-0.7818314824680299	0.6234898018587334	-0.7933533402912349	-0.6087614290087209
454	SAPD24103857	-0.4334424394545844	-0.3600380626951767	2024-05-12 14:50:00.000	-0.7818314824680299	0.6234898018587334	-0.6755902076156601	-0.7372773368101241
455	SAPD24103841	-0.3230700088189393	-0.4743622122648362	2024-05-12 13:56:00.000	-0.7818314824680299	0.6234898018587334	-0.48480962024633734	-0.8746197071393956
456	SAPD24103715	-0.2036454446781083	-0.9096984003987354	2024-05-12 02:00:00.000	-0.7818314824680299	0.6234898018587334	0.49999999999999994	0.8660254037844387
457	SAPD24103580	0.27344650973474516	-0.7679541703710928	2024-05-12 00:56:00.000	-0.7818314824680299	0.6234898018587334	0.24192189559966773	0.9702957262759965
458	SAPD24104806	-0.010425853062885793	-0.6153916087979319	2024-05-11 19:00:00.000	-0.9749279121818236	-0.2225209339563146	-0.9659258262890684	0.2588190451025203
459	SAPD24103164	-0.061041482938745006	-0.21471448524213776	2024-05-11 14:47:00.000	-0.9749279121818236	-0.2225209339563146	-0.6658816660008345	-0.7460573750616993
460	SAPD24103018	-0.20116511769894563	-0.5322533654145387	2024-05-11 11:39:00.000	-0.9749279121818236	-0.2225209339563146	0.09150161866340258	-0.9958049275746617
461	SAPD24102774	-0.036149175768272146	-0.24145599187556732	2024-05-10 23:31:00.000	-0.433883739117558	-0.9009688679024191	-0.12619896913583012	0.992004949679715
462	SAPD24104353	0.23060681093548485	-0.0765729124278075	2024-05-10 17:00:00.000	-0.433883739117558	-0.9009688679024191	-0.9659258262890683	-0.25881904510252063
463	SAPD24102477	-0.09409978970219413	-0.2818596241740554	2024-05-10 16:57:00.000	-0.433883739117558	-0.9009688679024191	-0.9624552364536473	-0.2714404498650742
464	24-22346	0.6007436741062246	0.5604110705690337	2024-05-10 15:31:38.000	-0.433883739117558	-0.9009688679024191	-0.7960020025346223	-0.6052939880428941
465	SAPD24103066	-0.33507309544807096	-0.4672035174140068	2024-05-10 12:00:00.000	-0.433883739117558	-0.9009688679024191	1.2246467991473532e-16	-1.0
466	SAPD24102668	-0.06304270402280499	-0.6054486892855087	2024-05-10 11:00:00.000	-0.433883739117558	-0.9009688679024191	0.258819045102521	-0.9659258262890682
467	SAPD24102174	-0.33294467810868866	-0.47583072890030964	2024-05-10 09:59:00.000	-0.433883739117558	-0.9009688679024191	0.5037739770455264	-0.8638355052043957
468	SAPD24103424	-0.06040126178686045	-0.7214796333221327	2024-05-10 05:00:00.000	-0.433883739117558	-0.9009688679024191	0.9659258262890683	0.25881904510252074
469	SAPD24101899	-0.037938403093421225	-0.6028017333746571	2024-05-09 20:30:00.000	0.43388373911755823	-0.900968867902419	-0.7933533402912352	0.6087614290087205
470	SAPD24101861	-0.3035453836239136	-0.6028328130918418	2024-05-09 20:01:00.000	0.43388373911755823	-0.900968867902419	-0.8638355052043958	0.5037739770455261
471	SAPD24101650	-0.3915651923207423	-0.48746231304470067	2024-05-09 15:47:00.000	0.43388373911755823	-0.900968867902419	-0.8362861558477592	-0.5482932295199142
472	SAPD24101741	0.007873448205681921	-0.4224590846198538	2024-05-09 12:30:00.000	0.43388373911755823	-0.900968867902419	-0.13052619222005177	-0.9914448613738104
473	SAPD24101832	-0.5059994233769859	-0.8313438434804186	2024-05-09 06:00:00.000	0.43388373911755823	-0.900968867902419	1.0	6.123233995736766e-17
474	SAPD24101151	-0.14339257852249	-0.1421951452192246	2024-05-08 21:05:00.000	0.9749279121818236	-0.22252093395631434	-0.6915130557822698	0.7223639620597551
475	SAPD24100961	-0.6825054270402289	-0.5076356394531829	2024-05-08 16:50:00.000	0.9749279121818236	-0.22252093395631434	-0.9537169507482267	-0.3007057995042738
476	SAPD24100617	-0.0962409266671237	-0.597085655394999	2024-05-08 09:24:00.000	0.9749279121818236	-0.22252093395631434	0.6293203910498374	-0.7771459614569709
477	SAPD24100591	-0.43619835832033416	-0.8175884786639168	2024-05-08 08:44:00.000	0.9749279121818236	-0.22252093395631434	0.7547095802227721	-0.6560590289905072
478	SAPD24101933	-0.17158774845668923	-0.19408791295847894	2024-05-08 03:00:00.000	0.9749279121818236	-0.22252093395631434	0.7071067811865476	0.7071067811865476
479	SAPD24100878	-0.5239340953802409	-0.7714920781736498	2024-05-08 00:00:00.000	0.9749279121818236	-0.22252093395631434	0.0	1.0
480	SAPD24100336	-0.6263440404314559	-0.43522766841674687	2024-05-07 16:30:00.000	0.7818314824680298	0.6234898018587336	-0.9238795325112865	-0.38268343236509034
481	SAPD24100052	-0.6379485787938455	-0.2993264252138501	2024-05-07 15:24:00.000	0.7818314824680298	0.6234898018587336	-0.7771459614569711	-0.6293203910498371
482	SAPD24099981	-0.3036047418764074	-0.7103349647464889	2024-05-07 14:16:00.000	0.7818314824680298	0.6234898018587336	-0.5591929034707467	-0.8290375725550417
483	SAPD24099977	-0.5239340953802409	-0.7714920781736498	2024-05-07 00:00:00.000	0.7818314824680298	0.6234898018587336	0.0	1.0
484	SAPD24099602	-0.08553524184249106	-0.3543608343619349	2024-05-06 23:12:00.000	0.0	1.0	-0.20791169081775987	0.9781476007338056
485	SAPD24099419	-0.4730725527440567	-0.6378052648178845	2024-05-06 18:31:00.000	0.0	1.0	-0.9908658973868822	0.13485093027372327
486	SAPD24099249	0.23666135268977828	-0.6833784900694106	2024-05-06 15:16:00.000	0.0	1.0	-0.7547095802227717	-0.6560590289905077
487	SAPD24098972	-0.6900396852316701	-0.41376453374640954	2024-05-06 09:10:00.000	0.0	1.0	0.6755902076156604	-0.737277336810124
488	SAPD24099456	-0.4796952377722088	-0.5542448552764991	2024-05-06 06:30:00.000	0.0	1.0	0.9914448613738105	-0.13052619222005138
489	SAPD24098807	-0.423648327793241	-0.6629668858294004	2024-05-06 01:06:00.000	0.0	1.0	0.2840153447039226	0.958819734868193
490	SAPD24098762	-0.3516594871446981	-0.5017045934298762	2024-05-05 21:30:00.000	-0.7818314824680299	0.6234898018587334	-0.608761429008721	0.7933533402912349
491	SAPD24123218	-0.39860338511635107	-0.8737521175352351	2024-05-05 09:56:00.000	-0.7818314824680299	0.6234898018587334	0.5150380749100544	-0.8571673007021122
492	SAPD24098209	-0.06448002170817357	-0.2727558570247335	2024-05-05 05:28:00.000	-0.7818314824680299	0.6234898018587334	0.9902680687415704	0.13917310096006547
493	SAPD24098086	-0.8827165728240987	-0.3414109522150006	2024-05-05 00:31:00.000	-0.7818314824680299	0.6234898018587334	0.134850930273723	0.9908658973868822
494	SAPD24098073	-0.8985058679872567	-0.5870883463775854	2024-05-05 00:03:00.000	-0.7818314824680299	0.6234898018587334	0.01308959557134444	0.999914327574007
495	SAPD24098591	0.03243504511227169	-0.22834812116643433	2024-05-05 00:01:00.000	-0.7818314824680299	0.6234898018587334	0.004363309284746571	0.9999904807207345
496	SAPD24099516	0.13640102435384271	-0.84594872056575	2024-05-04 22:00:00.000	-0.9749279121818236	-0.2225209339563146	-0.5000000000000004	0.8660254037844384
497	SAPD24098237	-0.31040126178685856	-0.2502748616176397	2024-05-04 22:00:00.000	-0.9749279121818236	-0.2225209339563146	-0.5000000000000004	0.8660254037844384
498	SAPD24098282	-0.5398293874228395	-0.8361094001104984	2024-05-04 14:00:00.000	-0.9749279121818236	-0.2225209339563146	-0.5000000000000001	-0.8660254037844386
499	SAPD24099864	-0.3702852588019818	-0.8491577013617586	2024-05-04 11:00:00.000	-0.9749279121818236	-0.2225209339563146	0.258819045102521	-0.9659258262890682
